team,name,contract_type,salary_krw_10k,salary_usd,fa_year,source,note
고양 소노 스카이거너스,케빈 켐바오,asia,,130000,2027,estimated,아시아쿼터
고양 소노 스카이거너스,이정현B,domestic,72000,,2027,reported,
고양 소노 스카이거너스,최승욱,domestic,42000,,2027,reported,fa_year 추정
고양 소노 스카이거너스,이재도,domestic,40000,,2028,reported,fa_year 추정
고양 소노 스카이거너스,임동섭,domestic,22600,,2027,estimated,구단 소진율 기반 추정
고양 소노 스카이거너스,정희재,domestic,21500,,2029,estimated,구단 소진율 기반 추정
고양 소노 스카이거너스,김진유,domestic,17000,,2028,estimated,구단 소진율 기반 추정
고양 소노 스카이거너스,이동엽,domestic,12400,,2030,estimated,구단 소진율 기반 추정
고양 소노 스카이거너스,소준혁,domestic,10100,,2027,estimated,구단 소진율 기반 추정
고양 소노 스카이거너스,강지훈,domestic,8800,,2030,estimated,신인 보수 테이블
고양 소노 스카이거너스,이근준,domestic,8400,,2029,estimated,구단 소진율 기반 추정
고양 소노 스카이거너스,조석호,domestic,7100,,2027,estimated,구단 소진율 기반 추정
고양 소노 스카이거너스,박종하,domestic,7100,,2028,estimated,구단 소진율 기반 추정
고양 소노 스카이거너스,안정욱,domestic,7100,,2028,estimated,구단 소진율 기반 추정
고양 소노 스카이거너스,서동원,domestic,7100,,2027,estimated,구단 소진율 기반 추정
고양 소노 스카이거너스,조재우,domestic,7100,,2030,estimated,구단 소진율 기반 추정
고양 소노 스카이거너스,신지원,domestic,4400,,2028,estimated,신인 보수 테이블
고양 소노 스카이거너스,스카티 제임스,foreign,,630000,2027,estimated,1옵션
고양 소노 스카이거너스,조니 오브라이언트,foreign,,280000,2027,estimated,2옵션
대구 한국가스공사 페가수스,샘조세프 벨란겔,asia,,160000,2027,estimated,아시아쿼터
대구 한국가스공사 페가수스,정성우,domestic,40000,,2028,reported,fa_year 추정
대구 한국가스공사 페가수스,박준영,domestic,40000,,2029,reported,
대구 한국가스공사 페가수스,김국찬,domestic,37000,,2027,reported,fa_year 추정
대구 한국가스공사 페가수스,김준일,domestic,19200,,2027,estimated,구단 소진율 기반 추정
대구 한국가스공사 페가수스,최승욱B,domestic,13100,,2030,estimated,구단 소진율 기반 추정
대구 한국가스공사 페가수스,전현우,domestic,9400,,2029,estimated,구단 소진율 기반 추정
대구 한국가스공사 페가수스,박준은,domestic,8200,,2029,estimated,구단 소진율 기반 추정
대구 한국가스공사 페가수스,양우혁,domestic,8000,,2030,estimated,신인 보수 테이블
대구 한국가스공사 페가수스,우동현,domestic,7900,,2028,estimated,구단 소진율 기반 추정
대구 한국가스공사 페가수스,양재혁,domestic,7700,,2030,estimated,구단 소진율 기반 추정
대구 한국가스공사 페가수스,양준우,domestic,6700,,2028,estimated,구단 소진율 기반 추정
대구 한국가스공사 페가수스,손준,domestic,5900,,2027,estimated,구단 소진율 기반 추정
대구 한국가스공사 페가수스,권순우,domestic,5800,,2030,estimated,구단 소진율 기반 추정
대구 한국가스공사 페가수스,우상현,domestic,5800,,2030,estimated,구단 소진율 기반 추정
대구 한국가스공사 페가수스,염유성,domestic,5800,,2027,estimated,구단 소진율 기반 추정
대구 한국가스공사 페가수스,김민규,domestic,4600,,2028,estimated,신인 보수 테이블
대구 한국가스공사 페가수스,케베 알루마,foreign,,620000,2027,estimated,1옵션
대구 한국가스공사 페가수스,라건아,foreign,,300000,2027,estimated,2옵션
부산 KCC 이지스,윌리엄 나바로,asia,,160000,2027,estimated,아시아쿼터
부산 KCC 이지스,허훈,domestic,80000,,2030,reported,
부산 KCC 이지스,허웅,domestic,55000,,2028,reported,fa_year 추정
부산 KCC 이지스,최준용,domestic,45000,,2027,reported,fa_year 추정
부산 KCC 이지스,장재석,domestic,20000,,2029,estimated,구단 소진율 기반 추정
부산 KCC 이지스,최진광,domestic,13800,,2028,estimated,구단 소진율 기반 추정
부산 KCC 이지스,이호현,domestic,12000,,2028,estimated,구단 소진율 기반 추정
부산 KCC 이지스,윤기찬,domestic,9200,,2030,estimated,신인 보수 테이블
부산 KCC 이지스,김훈,domestic,8500,,2028,estimated,구단 소진율 기반 추정
부산 KCC 이지스,이주영,domestic,8200,,2028,estimated,구단 소진율 기반 추정
부산 KCC 이지스,김동현,domestic,7500,,2029,reported,fa_year 추정
부산 KCC 이지스,서정현,domestic,6800,,2028,estimated,구단 소진율 기반 추정
부산 KCC 이지스,조혁재,domestic,6100,,2028,estimated,구단 소진율 기반 추정
부산 KCC 이지스,이찬영,domestic,6100,,2027,estimated,구단 소진율 기반 추정
부산 KCC 이지스,강태현,domestic,4300,,2028,estimated,신인 보수 테이블
부산 KCC 이지스,이현호,domestic,4200,,2028,estimated,신인 보수 테이블
부산 KCC 이지스,김윤성,domestic,4200,,2028,estimated,신인 보수 테이블
부산 KCC 이지스,숀 롱,foreign,,700000,2027,estimated,1옵션
부산 KCC 이지스,루이스 킹,foreign,,300000,2027,estimated,2옵션
서울 SK 나이츠,알빈 톨렌티노,asia,,120000,2028,estimated,아시아쿼터
서울 SK 나이츠,안영준,domestic,75000,,2027,reported,fa_year 추정
서울 SK 나이츠,김낙현,domestic,47000,,2030,reported,
서울 SK 나이츠,오재현,domestic,29000,,2027,reported,fa_year 추정
서울 SK 나이츠,오세근,domestic,22000,,2027,reported,
서울 SK 나이츠,최원혁,domestic,20000,,2029,reported,
서울 SK 나이츠,김형빈,domestic,8300,,2027,estimated,구단 소진율 기반 추정
서울 SK 나이츠,최부경,domestic,8000,,2027,estimated,구단 소진율 기반 추정
서울 SK 나이츠,이민서,domestic,7200,,2030,estimated,신인 보수 테이블
서울 SK 나이츠,김명진,domestic,6800,,2030,estimated,신인 보수 테이블
서울 SK 나이츠,전준범,domestic,6800,,2030,estimated,구단 소진율 기반 추정
서울 SK 나이츠,선상혁,domestic,5600,,2027,estimated,구단 소진율 기반 추정
서울 SK 나이츠,전성환,domestic,5300,,2027,estimated,구단 소진율 기반 추정
서울 SK 나이츠,안성우,domestic,4900,,2028,estimated,신인 보수 테이블
서울 SK 나이츠,임현택,domestic,4800,,2028,estimated,구단 소진율 기반 추정
서울 SK 나이츠,김수환,domestic,4800,,2029,estimated,구단 소진율 기반 추정
서울 SK 나이츠,에디 다니엘,domestic,4200,,2027,estimated,신인 보수 테이블
서울 SK 나이츠,프레디,domestic,4200,,2028,estimated,신인 보수 테이블
서울 SK 나이츠,자밀 워니,foreign,,680000,2027,estimated,1옵션
서울 SK 나이츠,아이재아 힉스,foreign,,320000,2027,estimated,2옵션
서울 삼성 썬더스,저스틴 구탕,asia,,160000,2027,estimated,아시아쿼터
서울 삼성 썬더스,이관희,domestic,32000,,2027,reported,
서울 삼성 썬더스,이대성,domestic,30000,,2028,reported,fa_year 추정
서울 삼성 썬더스,한호빈,domestic,25000,,2030,reported,fa_year 추정
서울 삼성 썬더스,이근휘,domestic,23000,,2028,reported,fa_year 추정
서울 삼성 썬더스,최현민,domestic,14800,,2028,estimated,구단 소진율 기반 추정
서울 삼성 썬더스,최성모,domestic,13900,,2027,estimated,구단 소진율 기반 추정
서울 삼성 썬더스,윤성원,domestic,10500,,2027,estimated,구단 소진율 기반 추정
서울 삼성 썬더스,신동혁,domestic,10100,,2027,estimated,구단 소진율 기반 추정
서울 삼성 썬더스,이규태,domestic,8400,,2030,estimated,신인 보수 테이블
서울 삼성 썬더스,임동언,domestic,7500,,2027,estimated,구단 소진율 기반 추정
서울 삼성 썬더스,박진철,domestic,7000,,2027,estimated,구단 소진율 기반 추정
서울 삼성 썬더스,황영찬,domestic,6800,,2027,estimated,구단 소진율 기반 추정
서울 삼성 썬더스,여준형,domestic,6200,,2027,estimated,구단 소진율 기반 추정
서울 삼성 썬더스,조준희,domestic,5900,,2028,estimated,구단 소진율 기반 추정
서울 삼성 썬더스,안세준,domestic,5900,,2027,estimated,구단 소진율 기반 추정
서울 삼성 썬더스,정성조,domestic,5900,,2027,estimated,구단 소진율 기반 추정
서울 삼성 썬더스,케렘 칸터,foreign,,660000,2027,estimated,1옵션
서울 삼성 썬더스,크리스 맥컬러,foreign,,280000,2027,estimated,2옵션
수원 KT 소닉붐,미구엘 안드레 옥존,asia,,140000,2028,estimated,아시아쿼터
수원 KT 소닉붐,김선형,domestic,60000,,2028,reported,
수원 KT 소닉붐,하윤기,domestic,50000,,2027,reported,fa_year 추정
수원 KT 소닉붐,한희원,domestic,27000,,2028,reported,fa_year 추정
수원 KT 소닉붐,서민수,domestic,23000,,2029,reported,
수원 KT 소닉붐,문정현,domestic,19500,,2028,estimated,구단 소진율 기반 추정
수원 KT 소닉붐,정창영,domestic,13300,,2029,estimated,구단 소진율 기반 추정
수원 KT 소닉붐,이두원,domestic,12800,,2027,estimated,구단 소진율 기반 추정
수원 KT 소닉붐,문성곤,domestic,10500,,2029,estimated,구단 소진율 기반 추정
수원 KT 소닉붐,전성현,domestic,10400,,2030,estimated,구단 소진율 기반 추정
수원 KT 소닉붐,조환희,domestic,9500,,2027,estimated,구단 소진율 기반 추정
수원 KT 소닉붐,이현석,domestic,8200,,2028,estimated,구단 소진율 기반 추정
수원 KT 소닉붐,박지원,domestic,7700,,2028,estimated,구단 소진율 기반 추정
수원 KT 소닉붐,강성욱,domestic,7200,,2030,estimated,신인 보수 테이블
수원 KT 소닉붐,김준환,domestic,6000,,2027,estimated,구단 소진율 기반 추정
수원 KT 소닉붐,박민재,domestic,4800,,2028,estimated,신인 보수 테이블
수원 KT 소닉붐,패리스 배스,foreign,,690000,2027,estimated,1옵션
수원 KT 소닉붐,트레이 포터,foreign,,300000,2027,estimated,2옵션
안양 정관장 레드부스터스,렌즈 아반도,asia,,150000,2028,estimated,아시아쿼터
안양 정관장 레드부스터스,변준형,domestic,80000,,2029,reported,
안양 정관장 레드부스터스,박지훈,domestic,50000,,2028,reported,fa_year 추정
안양 정관장 레드부스터스,김종규,domestic,40000,,2027,reported,fa_year 추정
안양 정관장 레드부스터스,한승희,domestic,12700,,2029,estimated,구단 소진율 기반 추정
안양 정관장 레드부스터스,박찬호,domestic,12400,,2030,estimated,구단 소진율 기반 추정
안양 정관장 레드부스터스,김세창,domestic,10300,,2030,estimated,구단 소진율 기반 추정
안양 정관장 레드부스터스,문유현,domestic,10000,,2030,estimated,신인 보수 테이블
안양 정관장 레드부스터스,박정웅,domestic,9900,,2029,estimated,구단 소진율 기반 추정
안양 정관장 레드부스터스,허일영,domestic,9400,,2028,estimated,구단 소진율 기반 추정
안양 정관장 레드부스터스,주현우,domestic,9400,,2028,estimated,구단 소진율 기반 추정
안양 정관장 레드부스터스,이대헌,domestic,8700,,2029,estimated,구단 소진율 기반 추정
안양 정관장 레드부스터스,김준형,domestic,7800,,2028,estimated,구단 소진율 기반 추정
안양 정관장 레드부스터스,표승빈,domestic,5800,,2028,estimated,구단 소진율 기반 추정
안양 정관장 레드부스터스,김진영,domestic,5400,,2028,estimated,구단 소진율 기반 추정
안양 정관장 레드부스터스,송한준,domestic,4200,,2028,estimated,신인 보수 테이블
안양 정관장 레드부스터스,존 무니,foreign,,680000,2027,estimated,1옵션
안양 정관장 레드부스터스,라숀 토마스,foreign,,320000,2027,estimated,2옵션
울산 현대모비스 피버스,제리 아바디아노,asia,,140000,2027,estimated,아시아쿼터
울산 현대모비스 피버스,이승현,domestic,65000,,2029,reported,fa_year 추정
울산 현대모비스 피버스,서명진,domestic,45000,,2030,reported,fa_year 추정
울산 현대모비스 피버스,조한진,domestic,30000,,2029,reported,
울산 현대모비스 피버스,박무빈,domestic,26000,,2028,estimated,구단 소진율 기반 추정
울산 현대모비스 피버스,김경원,domestic,15100,,2027,estimated,구단 소진율 기반 추정
울산 현대모비스 피버스,배병준,domestic,14600,,2029,estimated,구단 소진율 기반 추정
울산 현대모비스 피버스,이도헌,domestic,9500,,2027,estimated,구단 소진율 기반 추정
울산 현대모비스 피버스,정준원,domestic,9000,,2027,reported,
울산 현대모비스 피버스,김동준,domestic,7800,,2029,estimated,구단 소진율 기반 추정
울산 현대모비스 피버스,이대균,domestic,7800,,2029,estimated,구단 소진율 기반 추정
울산 현대모비스 피버스,최강민,domestic,7600,,2030,estimated,신인 보수 테이블
울산 현대모비스 피버스,김태완,domestic,6700,,2027,estimated,구단 소진율 기반 추정
울산 현대모비스 피버스,박정환,domestic,4700,,2028,estimated,신인 보수 테이블
울산 현대모비스 피버스,김건하,domestic,4200,,2027,estimated,신인 보수 테이블
울산 현대모비스 피버스,다리우스 베즐리,foreign,,690000,2027,estimated,1옵션
울산 현대모비스 피버스,게이지 프림,foreign,,290000,2027,estimated,2옵션
원주 DB 프로미,이선 알바노,asia,,150000,2027,estimated,아시아쿼터
원주 DB 프로미,강상재,domestic,65000,,2028,reported,fa_year 추정
원주 DB 프로미,이정현,domestic,40000,,2027,reported,
원주 DB 프로미,정효근,domestic,36000,,2028,reported,
원주 DB 프로미,최성원,domestic,14900,,2030,estimated,구단 소진율 기반 추정
원주 DB 프로미,이용우,domestic,12500,,2028,estimated,구단 소진율 기반 추정
원주 DB 프로미,김보배,domestic,11300,,2029,estimated,구단 소진율 기반 추정
원주 DB 프로미,이유진,domestic,9600,,2030,estimated,신인 보수 테이블
원주 DB 프로미,박봉진,domestic,9200,,2030,estimated,구단 소진율 기반 추정
원주 DB 프로미,이윤기,domestic,8900,,2028,estimated,구단 소진율 기반 추정
원주 DB 프로미,정호영,domestic,8100,,2027,estimated,구단 소진율 기반 추정
원주 DB 프로미,조은후,domestic,7700,,2027,estimated,구단 소진율 기반 추정
원주 DB 프로미,이윤수,domestic,6800,,2030,estimated,구단 소진율 기반 추정
원주 DB 프로미,인승찬,domestic,6400,,2027,estimated,구단 소진율 기반 추정
원주 DB 프로미,이준희,domestic,6100,,2027,estimated,구단 소진율 기반 추정
원주 DB 프로미,송재환,domestic,5800,,2029,estimated,구단 소진율 기반 추정
원주 DB 프로미,백승엽,domestic,5800,,2027,estimated,구단 소진율 기반 추정
원주 DB 프로미,김휴범,domestic,4200,,2028,estimated,신인 보수 테이블
원주 DB 프로미,헨리 엘런슨,foreign,,690000,2027,estimated,1옵션
원주 DB 프로미,레이션 해먼즈,foreign,,310000,2027,estimated,2옵션
창원 LG 세이커스,칼 타마요,asia,,170000,2028,estimated,아시아쿼터
창원 LG 세이커스,양홍석,domestic,75000,,2027,reported,fa_year 추정
창원 LG 세이커스,양준석,domestic,40000,,2027,reported,fa_year 추정
창원 LG 세이커스,유기상,domestic,35000,,2028,reported,fa_year 추정
창원 LG 세이커스,정인덕,domestic,35000,,2027,reported,fa_year 추정
창원 LG 세이커스,윤원상,domestic,11400,,2030,estimated,구단 소진율 기반 추정
창원 LG 세이커스,장민국,domestic,9900,,2027,estimated,구단 소진율 기반 추정
창원 LG 세이커스,한상혁,domestic,9500,,2029,estimated,구단 소진율 기반 추정
창원 LG 세이커스,최형찬,domestic,8900,,2027,estimated,구단 소진율 기반 추정
창원 LG 세이커스,박정현,domestic,7800,,2027,estimated,구단 소진율 기반 추정
창원 LG 세이커스,김선우,domestic,6400,,2030,estimated,신인 보수 테이블
창원 LG 세이커스,문시윤,domestic,6000,,2028,estimated,구단 소진율 기반 추정
창원 LG 세이커스,이광진,domestic,5900,,2028,estimated,구단 소진율 기반 추정
창원 LG 세이커스,김종호,domestic,5600,,2029,estimated,구단 소진율 기반 추정
창원 LG 세이커스,지용현,domestic,5600,,2029,estimated,구단 소진율 기반 추정
창원 LG 세이커스,김준영,domestic,5000,,2028,estimated,신인 보수 테이블
창원 LG 세이커스,임정현,domestic,4200,,2028,estimated,신인 보수 테이블
창원 LG 세이커스,아셈 마레이,foreign,,610000,2027,estimated,1옵션
창원 LG 세이커스,아치 굿윈,foreign,,320000,2027,estimated,2옵션
