현재소속(파일),선수명,기록보유여부,보유시즌수
서울 삼성,박진철,Y,5
서울 삼성,신동혁,Y,3
서울 삼성,안세준,N,0
서울 삼성,여준형,Y,3
서울 삼성,윤성원,Y,6
서울 삼성,이관희,Y,15
서울 삼성,이규태,Y,1
서울 삼성,이근휘,Y,5
서울 삼성,이대성,Y,11
서울 삼성,임동언,Y,2
서울 삼성,저스틴 구탕,Y,4
서울 삼성,정성조,Y,3
서울 삼성,조준희,Y,2
서울 삼성,최성모,Y,10
서울 삼성,최현민,Y,14
서울 삼성,케렘 칸터,Y,1
서울 삼성,한호빈,Y,12
서울 삼성,황영찬,Y,2
서울 삼성,크리스 맥컬러,Y,2
수원 KT,강성욱,Y,1
수원 KT,김선형,Y,15
수원 KT,김준환,Y,4
수원 KT,문성곤,Y,10
수원 KT,문정현,Y,3
수원 KT,박민재,Y,1
수원 KT,박지원,Y,5
수원 KT,서민수,Y,10
수원 KT,이두원,Y,4
수원 KT,이현석,Y,10
수원 KT,전성현,Y,11
수원 KT,정창영,Y,13
수원 KT,조환희,Y,1
수원 KT,하윤기,Y,5
수원 KT,한희원,Y,11
수원 KT,패리스 배스,Y,1
수원 KT,트레이 포터,N,0
수원 KT,미구엘 안드레 옥존,Y,3
안양 정관장,김세창,Y,4
안양 정관장,김종규,Y,14
안양 정관장,김준형,Y,7
안양 정관장,김진영,Y,4
안양 정관장,렌즈 아반도,Y,3
안양 정관장,문유현,Y,1
안양 정관장,박정웅,Y,2
안양 정관장,박지훈,Y,10
안양 정관장,박찬호,Y,6
안양 정관장,변준형,Y,7
안양 정관장,송한준,Y,1
안양 정관장,이대헌,Y,10
안양 정관장,주현우,Y,2
안양 정관장,표승빈,Y,2
안양 정관장,한승희,Y,5
안양 정관장,허일영,Y,16
안양 정관장,존 무니,N,0
안양 정관장,라숀 토마스,Y,1
울산 현대모비스,김건하,Y,1
울산 현대모비스,김경원,Y,6
울산 현대모비스,김동준,Y,4
울산 현대모비스,김태완,Y,3
울산 현대모비스,박무빈,Y,3
울산 현대모비스,박정환,Y,1
울산 현대모비스,배병준,Y,11
울산 현대모비스,서명진,Y,8
울산 현대모비스,이대균,Y,2
울산 현대모비스,이도헌,Y,5
울산 현대모비스,이승현,Y,11
울산 현대모비스,정준원,Y,10
울산 현대모비스,조한진,Y,7
울산 현대모비스,최강민,Y,1
울산 현대모비스,다리우스 베즐리,N,0
울산 현대모비스,게이지 프림,Y,3
울산 현대모비스,제리 아바디아노,N,0
원주 DB,강상재,Y,9
원주 DB,김보배,Y,2
원주 DB,김휴범,Y,1
원주 DB,박봉진,Y,7
원주 DB,백승엽,Y,2
원주 DB,송재환,N,0
원주 DB,이선 알바노,Y,4
원주 DB,이용우,Y,5
원주 DB,이유진,Y,1
원주 DB,이윤기,Y,5
원주 DB,이윤수,Y,6
원주 DB,이정현,Y,15
원주 DB,이준희,Y,4
원주 DB,인승찬,Y,3
원주 DB,정호영,Y,4
원주 DB,정효근,Y,11
원주 DB,조은후,Y,6
원주 DB,최성원,Y,9
원주 DB,헨리 엘런슨,Y,1
원주 DB,레이션 해먼즈,Y,2
창원 LG,김선우,Y,1
창원 LG,김종호,Y,2
창원 LG,김준영,Y,1
창원 LG,문시윤,Y,2
창원 LG,박정현,Y,7
창원 LG,아셈 마레이,Y,5
창원 LG,양준석,Y,4
창원 LG,양홍석,Y,8
창원 LG,유기상,Y,3
창원 LG,윤원상,Y,5
창원 LG,이광진,Y,3
창원 LG,임정현,Y,1
창원 LG,장민국,Y,11
창원 LG,정인덕,Y,7
창원 LG,지용현,N,0
창원 LG,최형찬,Y,2
창원 LG,칼 타마요,Y,2
창원 LG,한상혁,Y,9
창원 LG,아치 굿윈,N,0
고양 소노,강지훈,Y,1
고양 소노,김진유,Y,9
고양 소노,박종하,Y,3
고양 소노,서동원,Y,2
고양 소노,소준혁,Y,2
고양 소노,신지원,Y,1
고양 소노,안정욱,Y,2
고양 소노,이근준,Y,2
고양 소노,이동엽,Y,11
고양 소노,이재도,Y,13
고양 소노,이정현B,Y,5
고양 소노,임동섭,Y,13
고양 소노,정희재,Y,13
고양 소노,조석호,Y,2
고양 소노,조재우,Y,2
고양 소노,최승욱,Y,12
고양 소노,케빈 켐바오,Y,2
고양 소노,스카티 제임스,N,0
고양 소노,조니 오브라이언트,Y,3
대구 한국가스공사,권순우,N,0
대구 한국가스공사,김국찬,Y,9
대구 한국가스공사,김민규,Y,1
대구 한국가스공사,김준일,Y,12
대구 한국가스공사,박준영,Y,8
대구 한국가스공사,박준은,Y,5
대구 한국가스공사,샘조세프 벨란겔,Y,4
대구 한국가스공사,손준,Y,2
대구 한국가스공사,양우혁,Y,1
대구 한국가스공사,양재혁,Y,5
대구 한국가스공사,양준우,Y,4
대구 한국가스공사,염유성,Y,2
대구 한국가스공사,우동현,Y,6
대구 한국가스공사,우상현,N,0
대구 한국가스공사,젼현우,Y,7
대구 한국가스공사,정성우,Y,10
대구 한국가스공사,최승욱B,Y,10
대구 한국가스공사,케베 알루마,Y,1
대구 한국가스공사,라건아,Y,14
부산 KCC,강태현,Y,1
부산 KCC,김동현,Y,5
부산 KCC,김윤성,Y,2
부산 KCC,김훈,Y,6
부산 KCC,서정현,Y,3
부산 KCC,숀 롱,Y,3
부산 KCC,윤기찬,Y,1
부산 KCC,이주영,Y,3
부산 KCC,이찬영,Y,1
부산 KCC,이현호,Y,1
부산 KCC,이호현,Y,11
부산 KCC,장재석,Y,13
부산 KCC,조혁재,N,0
부산 KCC,최준용,Y,10
부산 KCC,최진광,Y,5
부산 KCC,허웅,Y,11
부산 KCC,허훈,Y,9
부산 KCC,루이스 킹,N,0
부산 KCC,윌리엄 나바로,Y,1
서울 SK,김낙현,Y,8
서울 SK,김명진,Y,1
서울 SK,김수환,N,0
서울 SK,김형빈,Y,6
서울 SK,선상혁,Y,4
서울 SK,안성우,Y,1
서울 SK,안영준,Y,8
서울 SK,알빈 톨렌티노,Y,1
서울 SK,에디 다니엘,Y,1
서울 SK,오세근,Y,14
서울 SK,오재현,Y,6
서울 SK,이민서,Y,1
서울 SK,임현택,Y,1
서울 SK,자밀 워니,Y,7
서울 SK,전성환,Y,4
서울 SK,전준범,Y,12
서울 SK,최부경,Y,13
서울 SK,최원혁,Y,11
서울 SK,프레디,Y,1
서울 SK,아이재아 힉스,Y,4
