team,name,number,position,height_cm,weight_kg,nationality
창원 LG 세이커스,김종호,0.0,포인트 가드,184.4,80.0,KOR
창원 LG 세이커스,유기상,1.0,슈팅 가드,188.0,85.5,KOR
창원 LG 세이커스,김선우,2.0,포인트 가드,172.8,73.0,KOR
창원 LG 세이커스,김준영,4.0,포인트 가드,178.9,69.0,KOR
창원 LG 세이커스,양준석,5.0,포인트 가드,180.0,74.6,KOR
창원 LG 세이커스,한상혁,6.0,포인트 가드,183.0,78.0,KOR
창원 LG 세이커스,최형찬,7.0,슈팅 가드,187.6,84.2,KOR
창원 LG 세이커스,아치 굿윈,8.0,가드,196.0,90.0,USA
창원 LG 세이커스,윤원상,10.0,포인트 가드/슈팅 가드,181.0,74.5,KOR
창원 LG 세이커스,장민국,3.0,파워 포워드/스몰 포워드,200.0,94.0,KOR
창원 LG 세이커스,임정현,9.0,스몰 포워드,191.3,90.0,KOR
창원 LG 세이커스,양홍석,11.0,스몰 포워드,195.0,97.0,KOR
창원 LG 세이커스,정인덕,16.0,스몰 포워드,196.0,83.0,KOR
창원 LG 세이커스,문시윤,20.0,파워 포워드,198.2,100.0,KOR
창원 LG 세이커스,이광진,21.0,스몰 포워드,193.8,87.0,KOR
창원 LG 세이커스,칼 타마요,33.0,파워 포워드,203.0,92.0,PHI
창원 LG 세이커스,지용현,25.0,센터,201.0,97.0,KOR
창원 LG 세이커스,박정현,31.0,센터,202.6,114.0,KOR
창원 LG 세이커스,아셈 마레이,50.0,센터,206.0,113.0,EGY
서울 SK 나이츠,이민서,1.0,포인트 가드/슈팅 가드,179.5,78.0,KOR
서울 SK 나이츠,최원혁,3.0,포인트 가드,183.0,81.0,KOR
서울 SK 나이츠,김낙현,4.0,포인트 가드/슈팅 가드,183.7,92.0,KOR
서울 SK 나이츠,전성환,6.0,포인트 가드,178.2,77.2,KOR
서울 SK 나이츠,안성우,12.0,가드,183.7,81.0,KOR
서울 SK 나이츠,오재현,22.0,포인트 가드/슈팅 가드,186.4,85.0,KOR
서울 SK 나이츠,임현택,2.0,파워 포워드,196.8,83.9,KOR
서울 SK 나이츠,안영준,8.0,스몰 포워드,194.1,95.0,KOR
서울 SK 나이츠,최부경,14.0,파워 포워드/센터,200.0,105.0,KOR
서울 SK 나이츠,김명진,20.0,파워 포워드,198.5,91.0,KOR
서울 SK 나이츠,김형빈,23.0,스몰 포워드/파워 포워드,200.5,95.0,KOR
서울 SK 나이츠,알빈 톨렌티노,25.0,스몰 포워드/파워 포워드,196.0,95.0,PHI
서울 SK 나이츠,에디 다니엘,36.0,스몰 포워드/파워 포워드,192.0,95.0,KOR
서울 SK 나이츠,오세근,41.0,파워 포워드/센터,199.8,108.0,KOR
서울 SK 나이츠,전준범,99.0,스몰 포워드,194.4,80.0,KOR
서울 SK 나이츠,선상혁,11.0,센터,205.2,105.0,KOR
서울 SK 나이츠,자밀 워니,34.0,센터,199.0,116.0,USA
서울 SK 나이츠,프레디,35.0,센터,201.5,103.0,KOR
서울 SK 나이츠,아이재아 힉스,99.0,센터/파워 포워드,202.0,100.0,USA
원주 DB 프로미,이준희,1.0,포인트 가드/슈팅 가드,193.5,85.0,KOR
원주 DB 프로미,송재환,16.0,슈팅 가드,187.6,85.0,KOR
원주 DB 프로미,이정현,3.0,슈팅 가드,190.0,100.0,KOR
원주 DB 프로미,백승엽,37.0,가드,184.0,80.0,KOR
원주 DB 프로미,정호영,5.0,가드,186.3,68.2,KOR
원주 DB 프로미,이용우,7.0,슈팅 가드,185.3,75.0,KOR
원주 DB 프로미,이선 알바노,17.0,포인트 가드/슈팅 가드,185.0,78.0,PHI
원주 DB 프로미,최성원,19.0,포인트 가드,183.0,71.0,KOR
원주 DB 프로미,김휴범,20.0,포인트 가드,178.3,72.0,KOR
원주 DB 프로미,조은후,2.0,포인트 가드,187.5,82.0,KOR
원주 DB 프로미,이유진,6.0,포워드,199.8,84.0,KOR
원주 DB 프로미,헨리 엘런슨,8.0,포워드,208.0,110.0,USA
원주 DB 프로미,김보배,10.0,파워 포워드/센터,203.0,96.0,KOR
원주 DB 프로미,정효근,12.0,스몰 포워드/파워 포워드,200.0,103.0,KOR
원주 DB 프로미,인승찬,11.0,포워드,195.9,93.0,KOR
원주 DB 프로미,박봉진,24.0,파워 포워드,193.1,99.0,KOR
원주 DB 프로미,강상재,26.0,스몰 포워드/파워 포워드,200.0,98.0,KOR
원주 DB 프로미,이윤기,13.0,스몰 포워드,189.0,94.4,KOR
원주 DB 프로미,레이션 해먼즈,22.0,파워 포워드,201.0,109.0,USA
원주 DB 프로미,이윤수,99.0,센터,202.7,107.0,KOR
안양 정관장 레드부스터스,김진영,1.0,슈팅 가드,193.0,67.0,KOR
안양 정관장 레드부스터스,김세창,2.0,포인트 가드,183.0,73.0,KOR
안양 정관장 레드부스터스,박정웅,4.0,슈팅 가드,193.0,81.0,KOR
안양 정관장 레드부스터스,변준형,5.0,포인트 가드/슈팅 가드,185.3,95.0,KOR
안양 정관장 레드부스터스,박지훈,6.0,포인트 가드,184.0,75.0,KOR
안양 정관장 레드부스터스,렌즈 아반도,12.0,슈팅 가드/스몰 포워드,187.0,73.0,PHI
안양 정관장 레드부스터스,문유현,24.0,포인트 가드,180.1,78.5,KOR
안양 정관장 레드부스터스,표승빈,7.0,스몰 포워드/슈팅 가드,189.2,90.0,KOR
안양 정관장 레드부스터스,허일영,10.0,스몰 포워드,196.0,95.0,KOR
안양 정관장 레드부스터스,주현우,14.0,파워 포워드,197.5,88.0,KOR
안양 정관장 레드부스터스,이대헌,21.0,파워 포워드/센터,195.2,98.0,KOR
안양 정관장 레드부스터스,라숀 토마스,25.0,파워 포워드,198.0,108.0,USA
안양 정관장 레드부스터스,김준형,35.0,스몰 포워드,201.1,78.0,KOR
안양 정관장 레드부스터스,송한준,44.0,스몰 포워드,198.0,84.0,KOR
안양 정관장 레드부스터스,한승희,51.0,파워 포워드/센터,196.0,102.8,KOR
안양 정관장 레드부스터스,박찬호,13.0,센터,201.0,107.0,KOR
안양 정관장 레드부스터스,김종규,15.0,센터,206.3,104.5,KOR
안양 정관장 레드부스터스,존 무니,33.0,센터,206.0,110.0,USA
부산 KCC 이지스,이호현,1.0,포인트 가드,182.0,74.0,KOR
부산 KCC 이지스,허웅,3.0,슈팅 가드,185.0,82.0,KOR
부산 KCC 이지스,김동현,5.0,슈팅 가드,190.0,88.0,KOR
부산 KCC 이지스,최진광,6.0,포인트 가드,176.0,68.0,KOR
부산 KCC 이지스,허훈,7.0,포인트 가드,180.0,80.0,KOR
부산 KCC 이지스,이주영,10.0,슈팅 가드,182.0,76.0,KOR
부산 KCC 이지스,이현호,30.0,가드,178.6,74.4,KOR
부산 KCC 이지스,조혁재,0.0,포워드,187.0,84.0,KOR
부산 KCC 이지스,최준용,2.0,스몰 포워드,200.2,100.0,KOR
부산 KCC 이지스,윤기찬,8.0,스몰 포워드,194.1,96.0,KOR
부산 KCC 이지스,김훈,12.0,스몰 포워드,193.0,90.3,KOR
부산 KCC 이지스,이찬영,13.0,포워드,192.0,82.0,KOR
부산 KCC 이지스,강태현,27.0,스몰 포워드,197.2,87.0,KOR
부산 KCC 이지스,김윤성,14.0,센터,198.6,90.0,KOR
부산 KCC 이지스,장재석,31.0,센터,203.4,96.0,KOR
부산 KCC 이지스,숀 롱,36.0,센터,205.0,118.0,USA
수원 KT 소닉붐,조환희,2.0,포인트 가드,181.3,72.0,KOR
수원 KT 소닉붐,김선형,5.0,포인트 가드/슈팅 가드,187.0,80.0,KOR
수원 KT 소닉붐,정창영,7.0,포인트 가드/슈팅 가드,193.0,90.0,KOR
수원 KT 소닉붐,박지원,9.0,포인트 가드/슈팅 가드,190.8,81.8,KOR
수원 KT 소닉붐,이현석,11.0,슈팅 가드,189.0,85.0,KOR
수원 KT 소닉붐,김준환,17.0,슈팅 가드,187.0,85.0,KOR
수원 KT 소닉붐,강성욱,77.0,포인트 가드,183.5,73.0,KOR
수원 KT 소닉붐,미구엘 안드레 옥존,99.0,포인트 가드,182.0,73.0,PHI
수원 KT 소닉붐,한희원,1.0,스몰 포워드,195.0,92.0,KOR
수원 KT 소닉붐,문성곤,10.0,스몰 포워드,195.6,95.0,KOR
수원 KT 소닉붐,문정현,12.0,스몰 포워드,194.2,96.8,KOR
수원 KT 소닉붐,박민재,14.0,스몰 포워드,193.4,80.0,KOR
수원 KT 소닉붐,서민수,98.0,포워드,196.2,92.0,KOR
수원 KT 소닉붐,전성현,97.0,스몰 포워드/슈팅 가드,188.6,85.0,KOR
수원 KT 소닉붐,패리스 배스,96.0,포워드,201.0,102.0,USA
수원 KT 소닉붐,하윤기,0.0,센터,203.5,100.0,KOR
수원 KT 소닉붐,이두원,21.0,센터,204.4,103.0,KOR
울산 현대모비스 피버스,박무빈,3.0,포인트 가드/슈팅 가드,184.4,80.0,KOR
울산 현대모비스 피버스,김동준,5.0,포인트 가드,175.0,70.0,KOR
울산 현대모비스 피버스,서명진,7.0,포인트 가드,189.7,77.1,KOR
울산 현대모비스 피버스,박정환,13.0,포인트 가드,180.2,77.0,KOR
울산 현대모비스 피버스,김건하,15.0,포인트 가드,174.3,75.0,KOR
울산 현대모비스 피버스,이도헌,19.0,포인트 가드,186.0,80.0,KOR
울산 현대모비스 피버스,김태완,24.0,포인트 가드,180.3,70.8,KOR
울산 현대모비스 피버스,최강민,35.0,슈팅 가드,188.0,88.0,KOR
울산 현대모비스 피버스,배병준,99.0,슈팅 가드,191.0,83.0,KOR
울산 현대모비스 피버스,정준원,1.0,스몰 포워드,193.0,84.0,KOR
울산 현대모비스 피버스,조한진,9.0,슈팅 가드/스몰 포워드,193.0,90.0,KOR
안양 정관장 레드부스터스,이대헌,21.0,파워 포워드/센터,195.2,98.0,KOR
울산 현대모비스 피버스,이승현,33.0,파워 포워드/센터,197.0,105.0,KOR
울산 현대모비스 피버스,이대균,23.0,센터,200.0,100.2,KOR
대구 한국가스공사 페가수스,샘조세프 벨란겔,0.0,포인트 가드/슈팅 가드,175.0,70.0,PHI
대구 한국가스공사 페가수스,정성우,3.0,포인트 가드,178.0,82.0,KOR
대구 한국가스공사 페가수스,우동현,5.0,포인트 가드/슈팅 가드,175.6,78.0,KOR
대구 한국가스공사 페가수스,권순우,17.0,슈팅 가드,186.0,88.5,KOR
대구 한국가스공사 페가수스,우상현,22.0,슈팅 가드/스몰 포워드,188.4,81.2,KOR
대구 한국가스공사 페가수스,양준우,23.0,포인트 가드,185.1,75.8,KOR
대구 한국가스공사 페가수스,양우혁,27.0,포인트 가드,178.0,68.4,KOR
대구 한국가스공사 페가수스,전현우,9.0,스몰 포워드,194.0,83.0,KOR
대구 한국가스공사 페가수스,양재혁,11.0,스몰 포워드,190.7,93.0,KOR
대구 한국가스공사 페가수스,김민규,13.0,스몰 포워드,196.0,88.3,KOR
대구 한국가스공사 페가수스,손준,24.0,파워 포워드/센터,198.5,103.2,KOR
대구 한국가스공사 페가수스,김국찬,30.0,스몰 포워드,190.0,90.0,KOR
대구 한국가스공사 페가수스,박준영,98.0,파워 포워드,195.4,99.6,KOR
대구 한국가스공사 페가수스,박준은,97.0,스몰 포워드,194.1,85.0,KOR
대구 한국가스공사 페가수스,최승욱B,96.0,스몰 포워드,190.7,84.0,KOR
대구 한국가스공사 페가수스,라건아,20.0,센터,200.5,111.0,KOR
대구 한국가스공사 페가수스,김준일,31.0,파워 포워드/센터,201.0,96.0,KOR
서울 삼성 썬더스,이관희,2.0,슈팅 가드,190.0,82.0,KOR
서울 삼성 썬더스,황영찬,3.0,가드,178.5,77.5,KOR
서울 삼성 썬더스,한호빈,5.0,포인트 가드,180.0,78.0,KOR
서울 삼성 썬더스,조준희,6.0,슈팅 가드,187.2,77.3,KOR
서울 삼성 썬더스,최성모,7.0,포인트 가드,186.4,82.0,KOR
서울 삼성 썬더스,이대성,43.0,포인트 가드/슈팅 가드,193.0,90.0,KOR
서울 삼성 썬더스,안세준,1.0,스몰 포워드,195.4,89.0,KOR
서울 삼성 썬더스,최현민,8.0,스몰 포워드/파워 포워드,195.0,100.0,KOR
서울 삼성 썬더스,신동혁,9.0,스몰 포워드,191.3,82.8,KOR
서울 삼성 썬더스,임동언,11.0,스몰 포워드,194.7,85.5,KOR
서울 삼성 썬더스,크리스 맥컬러,13.0,파워 포워드,206.0,98.0,USA
서울 삼성 썬더스,저스틴 구탕,18.0,스몰 포워드/슈팅 가드,188.0,83.0,PHI
서울 삼성 썬더스,이근휘,19.0,슈팅 가드/스몰 포워드,187.9,85.0,KOR
서울 삼성 썬더스,여준형,21.0,파워 포워드,197.4,95.0,KOR
서울 삼성 썬더스,이규태,23.0,파워 포워드,199.5,100.0,KOR
서울 삼성 썬더스,윤성원,27.0,파워 포워드,196.0,95.0,KOR
서울 삼성 썬더스,정성조,77.0,스몰 포워드,191.0,85.0,KOR
서울 삼성 썬더스,박진철,15.0,센터,200.0,111.0,KOR
서울 삼성 썬더스,케렘 칸터,35.0,센터,208.0,109.0,TUR
고양 소노 스카이거너스,조석호,1.0,포인트 가드,178.7,75.0,KOR
고양 소노 스카이거너스,박종하,3.0,슈팅 가드,184.3,78.2,KOR
고양 소노 스카이거너스,이재도,4.0,포인트 가드,180.0,83.0,KOR
고양 소노 스카이거너스,이정현B,6.0,포인트 가드/슈팅 가드,187.0,86.4,KOR
고양 소노 스카이거너스,이동엽,7.0,포인트 가드/슈팅 가드,192.5,85.0,KOR
고양 소노 스카이거너스,소준혁,20.0,슈팅 가드,184.8,82.1,KOR
고양 소노 스카이거너스,김진유,55.0,슈팅 가드,188.0,83.0,KOR
고양 소노 스카이거너스,정희재,9.0,파워 포워드,195.0,94.0,KOR
고양 소노 스카이거너스,안정욱,10.0,스몰 포워드/파워 포워드,194.0,92.0,KOR
고양 소노 스카이거너스,서동원,11.0,스몰 포워드,193.0,93.0,KOR
고양 소노 스카이거너스,임동섭,13.0,스몰 포워드,198.0,93.0,KOR
고양 소노 스카이거너스,이근준,14.0,스몰 포워드,195.0,88.0,KOR
고양 소노 스카이거너스,신지원,17.0,파워 포워드,197.2,97.0,KOR
고양 소노 스카이거너스,케빈 켐바오,28.0,스몰 포워드/파워 포워드,195.0,97.0,PHI
고양 소노 스카이거너스,최승욱,77.0,스몰 포워드,192.4,82.0,KOR
고양 소노 스카이거너스,강지훈,12.0,센터,200.7,100.0,KOR
고양 소노 스카이거너스,조재우,15.0,센터,199.3,97.0,KOR
울산 현대모비스 피버스,다리우스 베즐리,99.0,포워드,206.0,94.0,USA
울산 현대모비스 피버스,게이지 프림,50.0,센터,206.0,110.0,USA
수원 KT 소닉붐,트레이 포터,55.0,센터,211.0,107.0,USA
울산 현대모비스 피버스,제리 아바디아노,10.0,포인트 가드/슈팅 가드,181.0,78.0,PHI
고양 소노 스카이거너스,스카티 제임스,4.0,파워 포워드,202.0,100.0,USA
고양 소노 스카이거너스,조니 오브라이언트,32.0,파워 포워드/센터,206.0,118.0,USA
대구 한국가스공사 페가수스,케베 알루마,44.0,파워 포워드,206.0,104.0,USA
부산 KCC 이지스,루이스 킹,,스몰 포워드,201.0,92.0,USA
부산 KCC 이지스,윌리엄 나바로,23.0,포워드,196.0,90.0,PHI
부산 KCC 이지스,서정현,32.0,파워 포워드,199.0,95.0,KOR
울산 현대모비스 피버스,김경원,17.0,센터,198.1,101.4,KOR
서울 SK 나이츠,김수환,,슈팅 가드,189.0,88.0,KOR
대구 한국가스공사 페가수스,염유성,10.0,슈팅 가드,186.5,84.7,KOR
