name,birth_date,source
아치 굿윈,1994-08-17,Wikipedia / Basketball-Reference
다리우스 베즐리,2000-06-12,Wikipedia / Basketball-Reference
존 무니,1998-03-20,Wikipedia
트레이 포터,1996-06-24,Wikidata / ScoutBasketball
스카티 제임스,1996-11-07,Wikipedia
루이스 킹,1999-04-06,Wikipedia / Basketball-Reference
제리 아바디아노,2001-03-08,Wikipedia
지용현,2002-03-19,나무위키 (2025 드래프트 LG 4R)
안세준,2002-04-10,나무위키 (2025 드래프트 삼성 2R)
우상현,2003-04-01,나무위키 (2025 드래프트 가스공사 3R)
조혁재,2002-02-27,나무위키 (2024 드래프트 KCC 1R)
권순우,2002-12-07,나무위키 (2024 드래프트 가스공사 2R)
김수환,1998-09-18,나무위키 (2021 드래프트 SK 2R)
송재환,2003-07-01,생년월일 미확인 — 2025년 단국대 4학년 기준 2003년생으로 추정
